{"fast_rcnn/cls_accuracy": 0.71875, "fast_rcnn/false_negative": 0.6875, "fast_rcnn/fg_cls_accuracy": 0.3125, "iteration": 0, "mask_rcnn/accuracy": 0.8526785714285714, "mask_rcnn/false_negative": 0.2019690576652602, "mask_rcnn/false_positive": 0.07581891792418108, "roi_head/num_bg_samples": 24.0, "roi_head/num_fg_samples": 8.0, "rpn/num_neg_anchors": 231.0, "rpn/num_pos_anchors": 25.0}
{"data_time": 0.07046379149869608, "fast_rcnn/cls_accuracy": 1.0, "iteration": 1, "loss_box_reg": 0.0, "loss_cls": 0.5056502968072891, "loss_mask": 0.0, "loss_rpn_cls": 0.0071759285347070545, "loss_rpn_loc": 0.02050289511680603, "lr": 1.0825000000000002e-06, "roi_head/num_bg_samples": 1.0, "roi_head/num_fg_samples": 0.0, "rpn/num_neg_anchors": 235.0, "rpn/num_pos_anchors": 21.0, "total_loss": 0.5333291204588022}
{"eta_seconds": 162.07065333590435, "iteration": 3, "rpn/num_neg_anchors": 250.0, "rpn/num_pos_anchors": 6.0}
{"data_time": 0.08532153700070921, "fast_rcnn/cls_accuracy": 0.0, "iteration": 2, "loss_box_reg": 0.0, "loss_cls": 0.7524992227554321, "loss_mask": 0.0, "loss_rpn_cls": 0.03292285278439522, "loss_rpn_loc": 0.006158235017210245, "lr": 1.915e-06, "roi_head/num_bg_samples": 1.0, "roi_head/num_fg_samples": 0.0, "time": 0.5475359909996769, "total_loss": 0.8304129880852997}
{"data_time": 0.025286693500675028, "fast_rcnn/cls_accuracy": 0.5, "iteration": 1, "loss_box_reg": 0.0, "loss_cls": 0.764420747756958, "loss_mask": 0.0, "loss_rpn_cls": 0.0002736908645601943, "loss_rpn_loc": 0.0007933771121315658, "lr": 1.0825000000000002e-06, "roi_head/num_bg_samples": 1.0, "roi_head/num_fg_samples": 0.0, "rpn/num_neg_anchors": 254.0, "rpn/num_pos_anchors": 2.0, "total_loss": 0.7654878157336498}
